,Unnamed: 0,prompt,ground_truth,model1_ans,model2_ans,rel_error_model1,rel_error_model2
0,0,Use the vapor pressures of Cl2 given in the following table to calculate the enthalpy of vaporization using a graphical method or a least squares fitting routine.,20.32,,26.5,10.01,0.3041338582677165
1,1,"The operator for the square of the total spin of two electrons is Ŝ_total^2 = (Ŝ_1 + Ŝ_2)^2 = Ŝ_1^2 + Ŝ_2^2 + 2(Ŝ_1xŜ_2x + Ŝ_1yŜ_2y + Ŝ_1zŜ_2z). Given that
Ŝ_xα = ħ/2 β
Ŝ_xβ = ħ/2 α
Ŝ_yα = iħ/2 β
Ŝ_yβ = -iħ/2 α
Ŝ_zα = ħ/2 α
Ŝ_zβ = -ħ/2 β
show that α(1)α(2) and β(1)β(2) are eigenfunctions of the operator Ŝ_total^2. What is the eigenvalue in each case?",2.0,,1.0,10.01,0.5
2,2,"At 298 K, ΔH°_reaction = 131.28 kJ mol^-1 for the reaction C(graphite) + H_2O(g) -> CO(g) + H_2(g). C_p,m = 8.53, 33.58, 29.12, and 28.82 J K^-1 mol^-1 for graphite, H_2O(g), CO(g), and H_2(g), respectively. Calculate ΔH°_reaction at 125°C from this information. Assume that the heat capacities are independent of temperature.",132.86,133.26,132.76,0.0030106879421946,0.0007526719855488
3,3,"The C4v group has the following classes: E, 2 C4, C2, 2 σv, and 2 σd. How many irreducible representations does this group have and what is the dimensionality of each?",5.0,6.0,2.0,0.2,0.6
4,4,"From the following data, calculate ΔH°_reaction (391.4 K) for the reaction CH_3COOH(g) + 2O_2(g) -> 2H_2O(g) + 2CO_2(g). Assume that the heat capacities are independent of temperature.
CH_3COOH(l) + 2O_2(g) -> 2H_2O(l) + 2CO_2(g) ΔH°_reaction (298 K) = -871.5 kJ mol^-1
H_2O(l) -> H_2O(g) ΔH°_reaction (373.15 K) = 40.656 kJ mol^-1
CH_3COOH(l) -> CH_3COOH(g) ΔH°_reaction (391.4 K) = 24.4 kJ mol^-1
Substance CH_3COOH(l) O_2(g) CO_2(g) H_2O(l) H_2O(g)
C_p,m / R 14.9 3.53 4.46 9.055 4.038",-765.788,-731.7,-745.394,0.0445136251808594,0.0266313914555986
5,5,"Determine the ratio of thermal conductivity for N_2 (σ = 0.43 nm^2) at sea level (T = 300 K, P = 1 atm) versus the lower stratosphere (T = 230 K, P = 0.25 atm). b) Determine the ratio of thermal conductivity for N_2 at sea level if the temperature is reduced to 100 K. Which energetic degrees of freedom will be operative at the lower temperature, and how will this affect C_V,m?",1.14,5.72,1.38,4.017543859649123,0.2105263157894737
6,6,"At 303 K, the vapor pressure of benzene is 118 Torr and that of cyclohexane is 122 Torr. Calculate the vapor pressure of a solution for which x_benzene = 0.25 assuming ideal behavior.",121.0,121.0,121.0,0.0,0.0
7,7,"The muzzle velocity of a rifle bullet is about 900 m s^-1. If the bullet weighs 30 g, and the uncertainty in its momentum is 0.10%, how accurately can the position of the bullet be measured?",1.9e-33,1.947e-34,2.0000000000000003e-34,0.8975263157894736,0.8947368421052632
8,8,"In the Michaelis-Menten mechanism, it is assumed that the formation of product from the enzyme-substrate complex is irreversible. However, consider the following modified version in which the product formation step is reversible:",70.4,,,10.01,10.01
9,9,"Normalize the set of functions φ_n(θ) = e^(inθ), 0 ≤ θ ≤ 2π. To do so, you need to multiply the functions by a so-called normalization constant N so that the integral N*N*∫(from 0 to 2π) φ_m*(θ)φ_n(θ)dθ = 1 for m = n.",0.3989422804,0.3989422804,0.3989422804,0.0,0.0
10,10,The rate constant for the reaction of hydrogen with iodine is 2.45 x 10^-4 M^-1 s^-1 at 302°C and 0.950 M^-1 s^-1 at 508°C. a) Calculate the activation energy and Arrhenius preexponential factor for this reaction. b) What is the value of the rate constant at 400°C?,0.00588,0.00704,0.00113,0.1972789115646259,0.8078231292517006
11,11,"Estimate the degree of dissociation of a 0.100 m solution of acetic acid (Ka = 1.75 x 10^-5), which is also 0.500 m in the strong electrolyte given in parts a-c. Use the data tables to obtain γ±, as the electrolyte concentration is too high to use the Debye-Hückel limiting law.",2.91,0.013,4.5e-06,0.99553264604811,0.9999984536082474
12,13,"The rate of reaction can be determined by measuring the change in optical rotation of the sample as a function of time if a reactant or product is chiral. This technique is especially useful for kinetic studies of enzyme catalysis involving sugars. For example, the enzyme invertase catalyzes the hydrolysis of sucrose, an optically active sugar. The initial reaction rates as a function of sucrose concentration are as follows:

[Sucrose]₀ (M) | Rate (M s⁻¹)
-------------------|-----------------
0.029             | 0.182
0.059             | 0.266
0.088             | 0.310
0.117             | 0.330
0.175             | 0.372
0.234             | 0.371

Use these data to determine the Michaelis constant for invertase. The Lineweaver-Burk plot and best fit to the data is as follows:

The equation for the best-fit line is:

1/rate₀ = 0.0947 s [S]₀⁻¹ + 2.197 M⁻¹ s

The maximum rate is equal to the inverse of the y-intercept.",0.0431,0.546,0.043,10.0,0.0023201856148492
13,14,"A mass of 20.0 g of H_2O(g) at 373 K is flowed into 250 g of H_2O(l) at 300 K and 1 atm. Calculate the final temperature of the system once equilibrium has been reached. Assume that C_P,m for H_2O is constant at its values for 298 K throughout the temperature range of interest.",345.0,300.043,50.0,0.1303101449275362,0.855072463768116
14,15,"Determine the total molecular partition function for I_2, confined to a volume of 1000 cm^3 at 298 K. Other information you will find useful: B = 0.0374 cm^-1, v~ = 208 cm^-1, and the ground electronic state is nondegenerate.",1.0999999999999999e+34,4723.0,1.13e+22,1.0,0.9999999999989726
15,16,One mole of Ar undergoes an isothermal reversible expansion from an initial volume of 1.00 L to a final volume of 65.0 L at 298 K. Calculate the work done in this process using the ideal gas and van der Waals equations of state. What percentage of the work done by the van der Waals gas arises from the attractive potential?,1.3,0.02,0.0002,0.9846153846153846,0.9998461538461538
16,17,At what temperature are there Avogadro's number of translational states available for O2 confined to a volume of 1000 cm^3? Since the number of translational states is equal to q_T:,0.086,4.23,158.0,10.0,10.0
17,18,"For a type II second-order reaction, the reaction is 60% complete in 60 seconds when [A]_0 = 0.1 M and [B]_0 = 0.5 M. a) What is the rate constant for this reaction? b) Will the time for the reaction to reach 60% completion change if the initial reactant concentrations are decreased by a factor of two?",0.03285,,0.0833,10.01,1.5357686453576866
18,19,Determine the mean free path for Ar at 298 K at the following pressures:,1.6e-07,,,10.01,10.01
19,21,"An ideal solution at 298 K is made up of the volatile liquids A and B, for which P*_A = 125 Torr and P*_B = 46.3 Torr. As the pressure is reduced from 450 Torr, the first vapor is observed at a pressure of 70.0 Torr. Calculate x_A.",0.301,-0.7,0.56,3.325581395348837,0.86046511627907
20,22,Use the following data to determine the Langmuir adsorption parameters for nitrogen on mica:,4.99,,12.5,10.01,1.50501002004008
21,23,The vibrational frequency of 1H35Cl is 8.963 x 10^13 s^-1. Calculate the force constant of the molecule. How large a mass would be required to stretch a classical spring with this force constant by 1.00 cm? Use the gravitational acceleration on Earth at sea level for this problem.,0.525,1.2729999999999998e+26,,10.0,10.01
22,25,"Locate the radial and angular nodes in the H orbitals ψ_3px(r,θ,φ) and ψ_3pz(r,θ,φ).",6.0,54.7,,8.116666666666667,10.01
23,26,"The pressure dependence of G is quite different for gases and condensed phases. Calculate G_m(C, solid, graphite), 100 bar, 298.15 K and G_m(He, g, 100 bar, 298.15 K) relative to their standard state values. By what factor is the change in G_m greater for He than for graphite?",216.0,4.32,1.023,0.98,0.995263888888889
24,27,"Determine the total molecular partition function for gaseous H_2O at 1000 K confined to a volume of 1 cm^3. The rotational constants for water are B_A = 27.8 cm^-1, B_B = 14.5 cm^-1, and B_C = 9.95 cm^-1. The vibrational frequencies are 1615, 3694, and 3802 cm^-1. The ground electronic state is nondegenerate.",1.91e+30,1.55e+18,1.1400000000000001e+108,0.9999999999991884,10.0
25,28,"Determine the standard molar entropy of N2O, a linear triatomic molecule at 298 K. For this molecule, B = 0.419 cm^-1 and v1 = 1285 cm^-1 (doubly degenerate), and v3 = 2224 cm^-1. At 298.15 K, both the translational and rotational degrees of freedom will be in the high-temperature limit, but the vibrational contributions must be calculated. Using the standard volume of 24.5 L and temperature of 298.15 K the entropy is determined as follows:",632.0,18.08,1711.0,0.971392405063291,1.7072784810126582
26,29,"In Example Problem 6.8, K_P for the reaction CO(g) + H_2O(l) ↔ CO_2(g) + H_2(g) was calculated to be 3.32 x 10^3 at 298.15 K. At what temperature does K_P = 5.00 x 10^3? Assume that ΔH°_reaction is independent of temperature.",468.0,299.7,323.15,0.3596153846153846,0.3095085470085471
27,30,"When Julius Caesar expired, his last exhalation had a volume of 500 cm^3 and contained 1.00 mole percent argon. Assume that T = 300 K and P = 1.00 atm at the location of his demise. Assume further that T and P currently have the same values throughout the Earth's atmosphere. If all of his exhaled CO2 molecules are now uniformly distributed throughout the atmosphere (which for our calculation is taken to have a thickness of 1.00 km), how many inhalations of 500 cm^3 must we make to inhale one of the Ar molecules exhaled in Caesar's last breath? Assume the radius of the Earth is 6.37 x 10^6 m. [Hint: Calculate the number of Ar atoms per m^3 at the surface of the Earth. The total number of Ar atoms in the atmosphere is N_Ar = ∫₀^∞ Ñ_Ar° A dz where Ñ_Ar° is the number of Ar atoms per m^3 at the surface of the earth. Ñ_Ar° is given by Ñ_Ar° = (N_A P_Ar)/(R T).]",1.69,10800000.0,2.16e+24,10.0,10.0
28,31,"A solution is made up of 184.2 g of ethanol and 108.1 g of H_2O. If the volume of the solution is 333.4 cm^3 and the partial molar volume of H_2O is 17.0 cm^3 mol^-1, what is the partial molar volume of ethanol under these conditions?",57.8,808.0,58.35,10.0,0.0095155709342561
29,32,Why is it not possible to reconstruct the wave function of a quantum mechanical superposition state from experiments?,0.5,,,10.01,10.01
30,33,"The fundamental vibrational frequencies for 1H19F and 2D19F are 4138.52 and 2998.25 cm^-1, respectively, and D_e for both molecules is 5.86 eV. What is the difference in the bond energy of the two molecules?",1.13e-20,152.5,1.69,10.0,10.0
31,34,"Calculate the molar internal energy of He, Ne, and Ar under standard thermodynamic conditions. Do you need to redo the entire calculation for each species?",3714.858,0.0,7.35,1.0,0.9980214586937104
32,35,A pellet of Zn of mass 10.0 g is dropped into a flask containing dilute H2SO4 at a pressure P = 1.00 bar and temperature T = 298 K. What is the reaction that occurs? Calculate w for the process.,-379.0,-37.8,-146.1,0.9002638522427441,0.6145118733509235
33,36,"One mole of N_2 at 20.5°C and 6.00 bar undergoes a transformation to the state described by 145°C and 2.75 bar. Calculate ΔS if
C_p,m = 30.81 - 11.87 x 10^-3 T/K + 2.3968 x 10^-5 T^2/K^2 - 1.0176 x 10^-8 T^3/K^3.",16.8,-11.27,0.0385,1.6708333333333332,0.9977083333333334
34,38,Use the following vapor pressures of 1-butene given here to calculate the enthalpy of vaporization using a graphical method or a least squares fitting routine.,22.88,544.0,26.3,10.0,0.1494755244755245
